timestamp,open,high,low,close,volume,close_time,quote_av,trades,tb_base_av,tb_quote_av
2022-01-10,0.06464000,0.09800000,0.06464000,0.08117000,1395291360.00000000,1641859199999,112775066.67225000,315472,722778663.00000000,58636014.20175000
2022-01-11,0.08117000,0.08500000,0.06091000,0.06490000,1099896676.00000000,1641945599999,77738050.12341000,204415,596665738.00000000,42203349.14295000
2022-01-12,0.06499000,0.06690000,0.05910000,0.06075000,658937634.00000000,1642031999999,40588292.97783000,94633,340487591.00000000,20984828.00030000
2022-01-13,0.06075000,0.06190000,0.05704000,0.05779000,185213855.00000000,1642118399999,11059594.57633000,29356,80313555.00000000,4808663.61280000
2022-01-14,0.05779000,0.06400000,0.05651000,0.05947000,218213359.00000000,1642204799999,13043468.48054000,34760,108014770.00000000,6479453.02175000
2022-01-15,0.05959000,0.06204000,0.05699000,0.05796000,154259463.00000000,1642291199999,9082641.34291000,23594,75235859.00000000,4432162.73759000
2022-01-16,0.05793000,0.05910000,0.05686000,0.05751000,131723700.00000000,1642377599999,7606022.53266000,15212,61248854.00000000,3548598.68692000
2022-01-17,0.05761000,0.05770000,0.05322000,0.05397000,128533365.00000000,1642463999999,7179357.99351000,11351,53085219.00000000,2974481.65769000
2022-01-18,0.05397000,0.05444000,0.05000000,0.05195000,225334837.00000000,1642550399999,11565888.50710000,16130,49404249.00000000,2564325.42768000
2022-01-19,0.05202000,0.05466000,0.05100000,0.05119000,202701090.00000000,1642636799999,10500741.72209000,13566,37373703.00000000,1952586.84106000
2022-01-20,0.05116000,0.05881000,0.05010000,0.05053000,332739279.00000000,1642723199999,17269670.13000000,21551,66509397.00000000,3549192.96717000
2022-01-21,0.05053000,0.05118000,0.03924000,0.04158000,310220891.00000000,1642809599999,14489017.97907000,25288,78578862.00000000,3631475.05104000
2022-01-22,0.04151000,0.04357000,0.03232000,0.03648000,111377003.00000000,1642895999999,4241033.07757000,16029,53009536.00000000,2024802.94591000
2022-01-23,0.03666000,0.04345000,0.03554000,0.03983000,164180194.00000000,1642982399999,6331325.33310000,21183,61381576.00000000,2392645.20044000
2022-01-24,0.03988000,0.04012000,0.03419000,0.03692000,89656598.00000000,1643068799999,3323936.09208000,12726,43169883.00000000,1608103.37480000
2022-01-25,0.03700000,0.04190000,0.03609000,0.03902000,84061025.00000000,1643155199999,3240749.75540000,11728,42911646.00000000,1661784.16212000
2022-01-26,0.03889000,0.04538000,0.03871000,0.04172000,157664517.00000000,1643241599999,6559252.90574000,19485,87854547.00000000,3675477.47204000
2022-01-27,0.04175000,0.04177000,0.03640000,0.03824000,46258678.00000000,1643327999999,1813464.62261000,8981,22620015.00000000,889556.93022000
2022-01-28,0.03824000,0.03939000,0.03665000,0.03882000,48529444.00000000,1643414399999,1844105.60389000,7131,23104617.00000000,877933.15692000
2022-01-29,0.03880000,0.04090000,0.03824000,0.03997000,43129642.00000000,1643500799999,1703794.36892000,7981,18976604.00000000,749842.80325000
2022-01-30,0.03997000,0.04114000,0.03800000,0.03884000,50480876.00000000,1643587199999,1998561.36009000,8812,21742829.00000000,863156.62126000
2022-01-31,0.03878000,0.04067000,0.03645000,0.03937000,54020816.00000000,1643673599999,2064915.87229000,6270,27479814.00000000,1050515.45198000
2022-02-01,0.03930000,0.04043000,0.03752000,0.03831000,41844231.00000000,1643759999999,1654254.87660000,5860,17941048.00000000,710583.09139000
2022-02-02,0.03835000,0.03980000,0.03581000,0.03599000,51583334.00000000,1643846399999,1957622.98693000,9100,24802788.00000000,947148.92832000
2022-02-03,0.03596000,0.03859000,0.03524000,0.03618000,52758146.00000000,1643932799999,1939390.45577000,7648,25115335.00000000,928849.81385000
2022-02-04,0.03620000,0.04080000,0.03599000,0.04064000,61483588.00000000,1644019199999,2337845.17832000,8788,32939802.00000000,1259829.74225000
2022-02-05,0.04065000,0.04272000,0.03950000,0.04045000,63175150.00000000,1644105599999,2589093.43298000,10941,28615256.00000000,1174918.78981000
2022-02-06,0.04044000,0.04060000,0.03773000,0.03963000,65147786.00000000,1644191999999,2545814.13415000,9763,30169810.00000000,1178863.12219000
2022-02-07,0.03973000,0.04870000,0.03894000,0.04261000,155478982.00000000,1644278399999,6734261.61643000,30010,81112298.00000000,3520442.99489000
2022-02-08,0.04264000,0.06152000,0.04000000,0.04882000,696531728.00000000,1644364799999,34143451.68237000,125896,354792787.00000000,17404386.01143000
2022-02-09,0.04885000,0.06333000,0.04554000,0.05799000,1026118319.00000000,1644451199999,57381750.23320000,247884,532783041.00000000,29846212.12837000
2022-02-10,0.05799000,0.06000000,0.04951000,0.05036000,328925987.00000000,1644537599999,17962610.84370000,76114,162939731.00000000,8900721.72613000
2022-02-11,0.05036000,0.05473000,0.04500000,0.04779000,183622289.00000000,1644623999999,9084304.76969000,41088,101604328.00000000,5038270.25216000
2022-02-12,0.04783000,0.04787000,0.04343000,0.04420000,129567538.00000000,1644710399999,5826801.89264000,21519,65213382.00000000,2932347.49856000
2022-02-13,0.04427000,0.04931000,0.04283000,0.04334000,132631091.00000000,1644796799999,6130028.06921000,24801,70137128.00000000,3252508.04955000
2022-02-14,0.04332000,0.04742000,0.04299000,0.04607000,105906390.00000000,1644883199999,4766206.32532000,18833,55346298.00000000,2502929.86652000
2022-02-15,0.04610000,0.05900000,0.04587000,0.05488000,281987352.00000000,1644969599999,15026087.62818000,74323,145965527.00000000,7792131.92370000
2022-02-16,0.05504000,0.06900000,0.05409000,0.05588000,1192240093.00000000,1645055999999,74148177.60608000,264085,565957234.00000000,35285549.11937000
2022-02-17,0.05578000,0.05790000,0.05000000,0.05109000,376026246.00000000,1645142399999,20546177.21817000,64621,184085771.00000000,10083098.57628000
2022-02-18,0.05114000,0.05352000,0.04744000,0.04870000,154226620.00000000,1645228799999,7764222.47463000,25839,78094939.00000000,3922696.62666000
2022-02-19,0.04868000,0.06655000,0.04867000,0.05914000,717848281.00000000,1645315199999,41700908.70825000,167538,363801799.00000000,21161002.32921000
2022-02-20,0.05917000,0.06065000,0.04870000,0.05119000,560898636.00000000,1645401599999,30529360.21851000,117251,278188426.00000000,15157727.61217000
2022-02-21,0.05117000,0.05594000,0.04950000,0.05024000,330598455.00000000,1645487999999,17292066.40372000,76820,170539719.00000000,8940106.03480000
2022-02-22,0.05036000,0.05276000,0.04750000,0.05078000,167166833.00000000,1645574399999,8447244.68346000,44591,82080157.00000000,4156489.03802000
2022-02-23,0.05089000,0.05432000,0.04908000,0.04913000,186091059.00000000,1645660799999,9609868.08421000,42338,90596092.00000000,4683565.05443000
2022-02-24,0.04907000,0.04955000,0.04003000,0.04569000,227390471.00000000,1645747199999,9888252.72891000,59983,111976777.00000000,4866226.89143000
2022-02-25,0.04574000,0.04995000,0.04467000,0.04873000,121782686.00000000,1645833599999,5756301.11370000,32320,58933143.00000000,2788493.38666000
2022-02-26,0.04873000,0.05066000,0.04735000,0.04824000,71398970.00000000,1645919999999,3506534.78661000,22318,34343534.00000000,1687122.50056000
2022-02-27,0.04824000,0.05000000,0.04520000,0.04614000,109326097.00000000,1646006399999,5200919.79371000,30571,54557139.00000000,2594472.70195000
2022-02-28,0.04614000,0.04954000,0.04481000,0.04936000,82688136.00000000,1646092799999,3889344.44090000,22272,40369811.00000000,1896334.00263000
2022-03-01,0.04929000,0.05099000,0.04794000,0.04939000,102596668.00000000,1646179199999,5047344.81556000,27642,49573760.00000000,2440251.43715000
2022-03-02,0.04937000,0.04956000,0.04630000,0.04678000,79333854.00000000,1646265599999,3787007.22988000,20158,35080100.00000000,1672027.35916000
2022-03-03,0.04684000,0.04899000,0.04596000,0.04689000,78962999.00000000,1646351999999,3736406.35981000,19651,37073986.00000000,1755425.10441000
2022-03-04,0.04691000,0.04735000,0.04319000,0.04411000,93450263.00000000,1646438399999,4247106.07597000,22421,36666354.00000000,1661992.83504000
2022-03-05,0.04411000,0.04552000,0.04365000,0.04509000,26729776.00000000,1646524799999,1191339.26136000,7726,14500950.00000000,646588.04685000
2022-03-06,0.04511000,0.04608000,0.04263000,0.04285000,65667673.00000000,1646611199999,2912543.85780000,17853,29201735.00000000,1293404.59279000
2022-03-07,0.04286000,0.04460000,0.04097000,0.04174000,50036394.00000000,1646697599999,2143394.35199000,17378,25120337.00000000,1076059.84940000
2022-03-08,0.04171000,0.04322000,0.04010000,0.04057000,99144473.00000000,1646783999999,4090633.04832000,17604,37487393.00000000,1551414.98468000
2022-03-09,0.04057000,0.04357000,0.04044000,0.04191000,50833214.00000000,1646870399999,2136694.18745000,14600,26071064.00000000,1096858.97630000
2022-03-10,0.04192000,0.04213000,0.03994000,0.04069000,41108719.00000000,1646956799999,1680741.85896000,13326,21004184.00000000,858996.82776000
2022-03-11,0.04068000,0.04227000,0.03912000,0.04006000,74112895.00000000,1647043199999,3004952.13274000,13890,28845984.00000000,1165522.51446000
2022-03-12,0.03998000,0.04050000,0.03969000,0.03969000,16752365.00000000,1647129599999,670851.05796000,3828,9509430.00000000,380741.57908000
2022-03-13,0.03968000,0.04222000,0.03925000,0.03947000,39372385.00000000,1647215999999,1583354.11065000,11817,19116295.00000000,769851.33380000
2022-03-14,0.03940000,0.04138000,0.03829000,0.03982000,40313225.00000000,1647302399999,1594144.54422000,11021,19116419.00000000,756345.19482000
2022-03-15,0.03982000,0.04000000,0.03794000,0.03909000,32477752.00000000,1647388799999,1259123.31303000,8711,15802627.00000000,613794.00886000
2022-03-16,0.03908000,0.04126000,0.03851000,0.04068000,48905514.00000000,1647475199999,1954336.52988000,14471,24853431.00000000,993588.00171000
2022-03-17,0.04070000,0.04100000,0.03961000,0.03983000,20498411.00000000,1647561599999,824078.36362000,5576,9401886.00000000,378141.64933000
2022-03-18,0.03984000,0.03990000,0.03816000,0.03959000,29623437.00000000,1647647999999,1154378.86270000,8052,14332083.00000000,559012.92768000
2022-03-19,0.03950000,0.04566000,0.03950000,0.04222000,172978707.00000000,1647734399999,7375384.08397000,45740,87806619.00000000,3736672.31718000
2022-03-20,0.04215000,0.04223000,0.03960000,0.04007000,78860892.00000000,1647820799999,3177152.84160000,11922,35310724.00000000,1422570.27533000
2022-03-21,0.04007000,0.04229000,0.04000000,0.04035000,133110206.00000000,1647907199999,5419744.80144000,22039,64828239.00000000,2638960.55540000
2022-03-22,0.04031000,0.04221000,0.03991000,0.04054000,88041799.00000000,1647993599999,3600018.82893000,15251,41219599.00000000,1686503.26041000
2022-03-23,0.04053000,0.04171000,0.03999000,0.04090000,66910038.00000000,1648079999999,2710627.41930000,11264,32332593.00000000,1312520.43202000
2022-03-24,0.04090000,0.04379000,0.03999000,0.04200000,133027717.00000000,1648166399999,5563098.45836000,24679,59802848.00000000,2499948.32601000
2022-03-25,0.04204000,0.04255000,0.04086000,0.04111000,119599428.00000000,1648252799999,4948440.99770000,18629,59767689.00000000,2474457.58181000
2022-03-26,0.04110000,0.04449000,0.04100000,0.04212000,131713656.00000000,1648339199999,5603936.86785000,25036,57455558.00000000,2451014.38845000
2022-03-27,0.04211000,0.04450000,0.04193000,0.04349000,214360955.00000000,1648425599999,9193912.80866000,28755,92522205.00000000,3968418.83010000
2022-03-28,0.04349000,0.04394000,0.04252000,0.04301000,139173377.00000000,1648511999999,6017263.38106000,20315,62332270.00000000,2695566.00716000
2022-03-29,0.04301000,0.04661000,0.04268000,0.04507000,162389159.00000000,1648598399999,7208456.71457000,31131,80823146.00000000,3592290.32207000
2022-03-30,0.04507000,0.04523000,0.04250000,0.04350000,125665823.00000000,1648684799999,5447123.11251000,21325,54128615.00000000,2350181.19441000
2022-03-31,0.04349000,0.04509000,0.04123000,0.04180000,138386997.00000000,1648771199999,6005416.49102000,23642,62541289.00000000,2715489.27418000
2022-04-01,0.04180000,0.04560000,0.03980000,0.04294000,82947790.00000000,1648857599999,3466971.99070000,19287,41344343.00000000,1739683.61447000
2022-04-02,0.04299000,0.04352000,0.04080000,0.04168000,86285181.00000000,1648943999999,3659469.65245000,16047,40944502.00000000,1733220.18067000
2022-04-03,0.04167000,0.04365000,0.04116000,0.04275000,55061293.00000000,1649030399999,2340820.64717000,12167,27538745.00000000,1172239.01783000
2022-04-04,0.04275000,0.04800000,0.04157000,0.04253000,310167104.00000000,1649116799999,13622922.37607000,55074,152716898.00000000,6711661.46638000
2022-04-05,0.04250000,0.04304000,0.04135000,0.04141000,91246024.00000000,1649203199999,3852983.85017000,12586,35196096.00000000,1488048.91993000
2022-04-06,0.04140000,0.04400000,0.03850000,0.03852000,93124083.00000000,1649289599999,3750504.83458000,19306,42775345.00000000,1733065.23013000
2022-04-07,0.03850000,0.04140000,0.03774000,0.03948000,56914961.00000000,1649375999999,2259681.25826000,15167,30379275.00000000,1209133.92305000
2022-04-08,0.03948000,0.04150000,0.03757000,0.03776000,90506385.00000000,1649462399999,3586853.85252000,17823,38816614.00000000,1541056.41559000
2022-04-09,0.03778000,0.03916000,0.03763000,0.03913000,31114014.00000000,1649548799999,1190551.09818000,6294,15277569.00000000,584279.08474000
2022-04-10,0.03913000,0.03921000,0.03789000,0.03792000,24765819.00000000,1649635199999,958295.85321000,5736,11576722.00000000,448165.87876000
2022-04-11,0.03794000,0.03821000,0.03481000,0.03573000,107718516.00000000,1649721599999,3883860.96178000,19843,52564249.00000000,1899564.89626000
2022-04-12,0.03573000,0.03691000,0.03424000,0.03532000,77760365.00000000,1649807999999,2757994.76709000,13549,40578914.00000000,1441465.93574000
2022-04-13,0.03527000,0.04499000,0.03526000,0.03804000,1006695782.00000000,1649894399999,40855781.53617000,165234,494811457.00000000,20085182.73932000
2022-04-14,0.03809000,0.03853000,0.03585000,0.03650000,268482746.00000000,1649980799999,9977651.55275000,32718,121553915.00000000,4530637.87076000
2022-04-15,0.03649000,0.03785000,0.03550000,0.03681000,163730012.00000000,1650067199999,5948176.69835000,20963,79028319.00000000,2878662.89004000
2022-04-16,0.03677000,0.03940000,0.03540000,0.03600000,163187271.00000000,1650153599999,5934950.76687000,18954,71782159.00000000,2620991.22476000
2022-04-17,0.03598000,0.03950000,0.03478000,0.03517000,124473030.00000000,1650239999999,4537834.09930000,17221,57665064.00000000,2122546.94272000
2022-04-18,0.03514000,0.03577000,0.03248000,0.03444000,324418931.00000000,1650326399999,10878513.45532000,38988,154739381.00000000,5205941.16953000
2022-04-19,0.03444000,0.03691000,0.03385000,0.03492000,375829746.00000000,1650412799999,13244949.61750000,39261,171327666.00000000,6075514.79571000
2022-04-20,0.03491000,0.03640000,0.03384000,0.03405000,218022025.00000000,1650499199999,7604983.00964000,22533,104511832.00000000,3658724.51761000
2022-04-21,0.03402000,0.03596000,0.03291000,0.03310000,511345726.00000000,1650585599999,17712801.56575000,39661,248445861.00000000,8650256.56254000
2022-04-22,0.03309000,0.03446000,0.03182000,0.03211000,220892880.00000000,1650671999999,7295975.91046000,17368,90762075.00000000,3002009.07063000
2022-04-23,0.03212000,0.03407000,0.03201000,0.03218000,349463244.00000000,1650758399999,11463800.05589000,18808,159446125.00000000,5272688.38222000
2022-04-24,0.03217000,0.03294000,0.03148000,0.03152000,62932319.00000000,1650844799999,2026657.35390000,5539,30014489.00000000,967125.71073000
2022-04-25,0.03150000,0.03152000,0.02912000,0.03046000,94233203.00000000,1650931199999,2840675.75736000,8551,46511906.00000000,1402102.62599000
2022-04-26,0.03049000,0.03057000,0.02702000,0.02749000,264574552.00000000,1651017599999,7646461.12717000,22694,131504396.00000000,3797925.84406000
2022-04-27,0.02749000,0.03194000,0.02741000,0.02914000,288081843.00000000,1651103999999,8449906.10436000,21105,133502959.00000000,3922964.89408000
2022-04-28,0.02912000,0.02932000,0.02777000,0.02812000,206288575.00000000,1651190399999,5874720.22370000,13300,97778164.00000000,2792578.87768000
2022-04-29,0.02814000,0.02920000,0.02700000,0.02725000,314183988.00000000,1651276799999,8758407.04811000,20639,156370330.00000000,4373948.14753000
2022-04-30,0.02725000,0.02873000,0.02466000,0.02470000,125505900.00000000,1651363199999,3380971.48055000,9622,56969813.00000000,1541754.30298000
2022-05-01,0.02467000,0.02646000,0.02359000,0.02503000,247743603.00000000,1651449599999,6160656.38494000,16404,122383978.00000000,3055029.37077000
2022-05-02,0.02508000,0.02644000,0.02400000,0.02405000,251855652.00000000,1651535999999,6263752.65993000,14164,124968292.00000000,3110111.34497000
2022-05-03,0.02407000,0.02499000,0.02323000,0.02334000,248798285.00000000,1651622399999,6017275.76519000,10842,111791449.00000000,2709019.63641000
2022-05-04,0.02333000,0.02501000,0.02300000,0.02446000,324043892.00000000,1651708799999,7677056.15470000,16810,162197232.00000000,3851625.55933000
2022-05-05,0.02445000,0.02817000,0.02227000,0.02353000,642421762.00000000,1651795199999,15983742.21276000,40015,335435351.00000000,8365382.31306000
2022-05-06,0.02352000,0.02378000,0.02200000,0.02241000,263315913.00000000,1651881599999,5931929.34569000,12838,123588431.00000000,2783665.93360000
2022-05-07,0.02241000,0.02379000,0.02199000,0.02248000,178521392.00000000,1651967999999,4066400.06376000,9851,89922720.00000000,2046915.48524000
2022-05-08,0.02245000,0.02357000,0.02160000,0.02208000,219509722.00000000,1652054399999,4903829.26132000,13962,120354098.00000000,2696637.54956000
2022-05-09,0.02209000,0.02268000,0.01816000,0.01824000,241025681.00000000,1652140799999,5123952.49997000,14514,104190009.00000000,2203727.22885000
2022-05-10,0.01822000,0.02076000,0.01760000,0.01912000,189217935.00000000,1652227199999,3584346.01757000,12394,87697573.00000000,1661724.74864000
2022-05-11,0.01911000,0.02513000,0.01403000,0.01419000,320190899.00000000,1652313599999,6183030.58540000,21154,143001993.00000000,2732039.65514000
2022-05-12,0.01429000,0.02040000,0.01309000,0.01510000,262222140.00000000,1652399999999,3920180.40564000,14238,109462763.00000000,1641729.30435000
2022-05-13,0.01501000,0.01799000,0.01397000,0.01480000,235762710.00000000,1652486399999,3556548.66985000,13320,94562086.00000000,1430934.62748000
2022-05-14,0.01476000,0.01543000,0.01405000,0.01539000,42311779.00000000,1652572799999,627479.40830000,4450,19057025.00000000,282697.33918000
2022-05-15,0.01539000,0.01753000,0.01496000,0.01722000,107751721.00000000,1652659199999,1741989.73252000,5485,40972872.00000000,665157.89751000
2022-05-16,0.01720000,0.01721000,0.01464000,0.01534000,119458074.00000000,1652745599999,1829121.12320000,5887,47107681.00000000,715377.74478000
2022-05-17,0.01535000,0.01663000,0.01534000,0.01628000,38818938.00000000,1652831999999,618856.02217000,3028,16505649.00000000,263344.43805000
2022-05-18,0.01628000,0.01730000,0.01486000,0.01493000,82649362.00000000,1652918399999,1307565.37255000,6398,38810729.00000000,616845.89812000
2022-05-19,0.01493000,0.01678000,0.01473000,0.01652000,47771294.00000000,1653004799999,751918.86448000,4124,22627804.00000000,355325.22934000
2022-05-20,0.01648000,0.01685000,0.01555000,0.01610000,63024266.00000000,1653091199999,1019175.31397000,4965,30698172.00000000,495929.48543000
2022-05-21,0.01605000,0.01730000,0.01587000,0.01719000,48429089.00000000,1653177599999,797310.81547000,3869,25750852.00000000,424807.75780000
2022-05-22,0.01722000,0.01777000,0.01633000,0.01758000,61575326.00000000,1653263999999,1049431.12382000,4418,26415512.00000000,449924.58225000
2022-05-23,0.01755000,0.02384000,0.01741000,0.02074000,544678586.00000000,1653350399999,11304780.95215000,40742,283072106.00000000,5884051.60635000
2022-05-24,0.02070000,0.03763000,0.02038000,0.02169000,1788219451.00000000,1653436799999,48004243.96589000,187600,899407094.00000000,24195386.46823000
2022-05-25,0.02169000,0.02680000,0.02088000,0.02178000,618499011.00000000,1653523199999,14205057.60815000,51057,318660769.00000000,7321476.77505000
2022-05-26,0.02175000,0.02212000,0.01733000,0.01743000,261035458.00000000,1653609599999,4939187.05679000,19282,127404295.00000000,2405319.90175000
2022-05-27,0.01742000,0.01804000,0.01601000,0.01654000,148879106.00000000,1653695999999,2544869.20695000,10996,66741144.00000000,1141079.41968000
2022-05-28,0.01658000,0.01794000,0.01647000,0.01775000,131808204.00000000,1653782399999,2267753.45694000,9439,65457405.00000000,1126454.74921000
2022-05-29,0.01774000,0.01774000,0.01683000,0.01717000,76124962.00000000,1653868799999,1309512.35998000,5766,32895716.00000000,565527.48277000
2022-05-30,0.01717000,0.01853000,0.01696000,0.01826000,101208875.00000000,1653955199999,1813450.35398000,8865,49355973.00000000,885485.48405000
2022-05-31,0.01826000,0.01852000,0.01704000,0.01733000,178175475.00000000,1654041599999,3137480.66779000,11916,90677518.00000000,1597441.70628000
2022-06-01,0.01733000,0.01792000,0.01545000,0.01577000,226012141.00000000,1654127999999,3764824.01980000,12643,109507504.00000000,1821872.43756000
2022-06-02,0.01573000,0.01605000,0.01528000,0.01550000,138066226.00000000,1654214399999,2153349.55494000,7944,63339565.00000000,988170.99055000
2022-06-03,0.01550000,0.01580000,0.01476000,0.01551000,67758778.00000000,1654300799999,1034353.09098000,4579,32933658.00000000,503691.58706000
2022-06-04,0.01551000,0.01595000,0.01497000,0.01523000,67803058.00000000,1654387199999,1039182.01325000,4196,30111453.00000000,461806.39103000
2022-06-05,0.01523000,0.01600000,0.01499000,0.01527000,97507166.00000000,1654473599999,1491953.03507000,5120,53807595.00000000,823803.48541000
2022-06-06,0.01531000,0.01623000,0.01498000,0.01520000,82068766.00000000,1654559999999,1281741.15355000,5386,39088952.00000000,610515.11213000
2022-06-07,0.01521000,0.01600000,0.01446000,0.01498000,92843388.00000000,1654646399999,1403590.92900000,5714,44157316.00000000,670672.78371000
2022-06-08,0.01498000,0.01576000,0.01485000,0.01517000,71813151.00000000,1654732799999,1099245.07646000,5557,32166431.00000000,492109.36177000
2022-06-09,0.01520000,0.01620000,0.01390000,0.01470000,193333718.00000000,1654819199999,2909516.19095000,9675,85679625.00000000,1302880.89884000
2022-06-10,0.01470000,0.01544000,0.01407000,0.01427000,93615805.00000000,1654905599999,1370234.01547000,6498,48319913.00000000,706840.62544000
2022-06-11,0.01423000,0.01455000,0.01264000,0.01315000,74069703.00000000,1654991999999,999634.36769000,4296,29742812.00000000,400116.08550000
2022-06-12,0.01318000,0.01334000,0.01196000,0.01235000,61830506.00000000,1655078399999,774338.61407000,4161,29127493.00000000,364907.14808000
2022-06-13,0.01234000,0.01620000,0.01059000,0.01284000,528882026.00000000,1655164799999,7046621.69095000,35209,257468923.00000000,3425399.91155000
2022-06-14,0.01285000,0.01307000,0.01150000,0.01234000,246632895.00000000,1655251199999,3029992.23898000,13971,122690275.00000000,1507486.19412000
2022-06-15,0.01231000,0.01259000,0.01094000,0.01253000,124351628.00000000,1655337599999,1456796.53689000,7941,63763770.00000000,749360.89159000
2022-06-16,0.01254000,0.01275000,0.01141000,0.01202000,125529884.00000000,1655423999999,1505913.12260000,5914,50571637.00000000,606536.28116000
2022-06-17,0.01201000,0.01294000,0.01186000,0.01204000,95749906.00000000,1655510399999,1173767.20039000,5276,41517666.00000000,509888.94704000
2022-06-18,0.01204000,0.01224000,0.01079000,0.01164000,46961261.00000000,1655596799999,536436.66858000,3533,23170382.00000000,264598.83548000
2022-06-19,0.01159000,0.01256000,0.01086000,0.01240000,228893401.00000000,1655683199999,2678797.51960000,5256,41953471.00000000,486834.30003000
2022-06-20,0.01241000,0.01260000,0.01170000,0.01253000,96555373.00000000,1655769599999,1178001.50336000,5416,45174476.00000000,552492.06040000
2022-06-21,0.01249000,0.01431000,0.01239000,0.01332000,229182622.00000000,1655855999999,3078640.35463000,14829,115938387.00000000,1559972.82701000
2022-06-22,0.01332000,0.01342000,0.01205000,0.01209000,144421283.00000000,1655942399999,1834793.19528000,8660,71937105.00000000,914741.64538000
2022-06-23,0.01210000,0.01270000,0.01160000,0.01222000,266275473.00000000,1656028799999,3242994.02934000,11021,123401064.00000000,1506105.80485000
2022-06-24,0.01225000,0.01320000,0.01160000,0.01212000,407710074.00000000,1656115199999,4942025.78968000,14973,200472084.00000000,2439726.95631000
2022-06-25,0.01212000,0.01280000,0.01188000,0.01253000,186535375.00000000,1656201599999,2280195.83151000,8311,88601034.00000000,1085453.01623000
2022-06-26,0.01254000,0.01275000,0.01207000,0.01210000,72719386.00000000,1656287999999,902733.60471000,4890,32490147.00000000,403421.14690000
2022-06-27,0.01210000,0.01316000,0.01198000,0.01254000,214922924.00000000,1656374399999,2687910.32264000,11407,106993863.00000000,1341255.70634000
2022-06-28,0.01254000,0.01408000,0.01157000,0.01182000,371935110.00000000,1656460799999,4827344.22255000,18658,171707251.00000000,2240772.88127000
2022-06-29,0.01182000,0.01204000,0.01130000,0.01179000,167125472.00000000,1656547199999,1963241.41262000,9271,81910813.00000000,963746.65912000
2022-06-30,0.01179000,0.01400000,0.01102000,0.01239000,465513332.00000000,1656633599999,5720819.13635000,24428,229557388.00000000,2843541.30052000
2022-07-01,0.01243000,0.01300000,0.01155000,0.01208000,192236098.00000000,1656719999999,2355494.06846000,10718,92426859.00000000,1135391.34740000
2022-07-02,0.01211000,0.01289000,0.01192000,0.01211000,109917132.00000000,1656806399999,1346965.02740000,7817,48677844.00000000,598179.94035000
2022-07-03,0.01210000,0.01230000,0.01187000,0.01204000,47379612.00000000,1656892799999,573123.42995000,3070,22410493.00000000,271024.22918000
2022-07-04,0.01206000,0.01261000,0.01174000,0.01229000,75080448.00000000,1656979199999,914351.01237000,4193,43379674.00000000,529431.41832000
2022-07-05,0.01230000,0.01239000,0.01178000,0.01196000,67653520.00000000,1657065599999,814400.21132000,3545,31116117.00000000,374321.31978000
2022-07-06,0.01194000,0.01228000,0.01183000,0.01209000,44229197.00000000,1657151999999,533450.34296000,3071,22572224.00000000,272606.86965000
2022-07-07,0.01208000,0.01263000,0.01207000,0.01243000,77816458.00000000,1657238399999,963282.78850000,4533,41024758.00000000,508482.62525000
2022-07-08,0.01243000,0.01395000,0.01215000,0.01301000,252402794.00000000,1657324799999,3284227.09264000,14939,129868477.00000000,1692269.04886000
2022-07-09,0.01299000,0.01387000,0.01294000,0.01314000,125905138.00000000,1657411199999,1673578.28797000,8018,59326807.00000000,790125.41571000
2022-07-10,0.01313000,0.01314000,0.01224000,0.01250000,71073918.00000000,1657497599999,892229.36161000,4412,29146705.00000000,365359.82565000
2022-07-11,0.01248000,0.01265000,0.01164000,0.01174000,98162558.00000000,1657583999999,1197687.11781000,3830,33591093.00000000,409005.63765000
2022-07-12,0.01173000,0.01247000,0.01161000,0.01163000,81721558.00000000,1657670399999,975237.92929000,4937,40087694.00000000,479629.70216000
2022-07-13,0.01162000,0.01204000,0.01103000,0.01194000,252089336.00000000,1657756799999,2930914.90580000,5742,41086142.00000000,480722.96873000
2022-07-14,0.01194000,0.01222000,0.01156000,0.01207000,83343633.00000000,1657843199999,989548.08461000,4447,41898039.00000000,497944.80815000
2022-07-15,0.01208000,0.01257000,0.01195000,0.01224000,80804663.00000000,1657929599999,1000350.33648000,4952,37691643.00000000,467102.33172000
2022-07-16,0.01224000,0.01302000,0.01216000,0.01271000,85965397.00000000,1658015999999,1086134.33325000,5810,42290256.00000000,534689.02799000
2022-07-17,0.01271000,0.01338000,0.01222000,0.01240000,146919760.00000000,1658102399999,1869315.17497000,10064,70733856.00000000,902242.14693000
2022-07-18,0.01240000,0.01330000,0.01240000,0.01296000,132717792.00000000,1658188799999,1709060.85576000,7771,63117223.00000000,814543.56831000
2022-07-19,0.01295000,0.02275000,0.01264000,0.01844000,2619553508.00000000,1658275199999,48697997.96573000,214214,1317609641.00000000,24527560.66440000
2022-07-20,0.01844000,0.02230000,0.01691000,0.01730000,2354874484.00000000,1658361599999,45959216.45545000,196167,1210189434.00000000,23660492.33122000
2022-07-21,0.01731000,0.02026000,0.01476000,0.01612000,1055545197.00000000,1658447999999,17957149.65751000,88099,512377817.00000000,8752467.86168000
2022-07-22,0.01612000,0.01748000,0.01579000,0.01637000,589297757.00000000,1658534399999,9730536.12357000,44223,262937329.00000000,4340467.11350000
2022-07-23,0.01639000,0.01673000,0.01461000,0.01500000,251534172.00000000,1658620799999,3925696.73191000,17585,113262262.00000000,1770939.96936000
2022-07-24,0.01501000,0.01548000,0.01374000,0.01417000,332103958.00000000,1658707199999,4794923.45691000,21624,167676054.00000000,2421199.20196000
2022-07-25,0.01417000,0.01489000,0.01346000,0.01346000,312572006.00000000,1658793599999,4412575.52684000,20548,149004019.00000000,2106742.85950000
2022-07-26,0.01350000,0.01584000,0.01318000,0.01414000,907745146.00000000,1658879999999,13117870.04254000,45303,477350461.00000000,6918677.14290000
2022-07-27,0.01418000,0.01464000,0.01349000,0.01458000,311363714.00000000,1658966399999,4377070.41412000,17700,155933480.00000000,2194654.52860000
2022-07-28,0.01455000,0.01611000,0.01409000,0.01540000,509297315.00000000,1659052799999,7667586.26662000,32059,253296538.00000000,3818145.87772000
2022-07-29,0.01540000,0.01598000,0.01484000,0.01510000,376744024.00000000,1659139199999,5810480.12000000,24844,197801894.00000000,3052978.81740000
2022-07-30,0.01510000,0.01638000,0.01495000,0.01560000,269181284.00000000,1659225599999,4211733.27388000,19700,137371458.00000000,2152500.67957000
2022-07-31,0.01560000,0.01879000,0.01550000,0.01589000,607814820.00000000,1659311999999,10220081.88418000,46229,299762935.00000000,5050249.56031000
2022-08-01,0.01591000,0.01623000,0.01384000,0.01493000,332912128.00000000,1659398399999,5004064.38153000,23320,149076941.00000000,2252025.44840000
2022-08-02,0.01493000,0.01640000,0.01434000,0.01558000,310921302.00000000,1659484799999,4770221.76017000,21715,162238707.00000000,2499020.15754000
2022-08-03,0.01558000,0.01714000,0.01500000,0.01576000,243145766.00000000,1659571199999,3927361.87168000,19616,116386452.00000000,1881397.13819000
2022-08-04,0.01576000,0.01612000,0.01522000,0.01559000,125162464.00000000,1659657599999,1968931.26738000,9612,58347376.00000000,919254.71378000
2022-08-05,0.01559000,0.01718000,0.01559000,0.01635000,197180689.00000000,1659743999999,3198758.64863000,14664,96850833.00000000,1575822.77922000
2022-08-06,0.01635000,0.01637000,0.01579000,0.01588000,86936111.00000000,1659830399999,1397959.66766000,7500,44427237.00000000,714598.40383000
2022-08-07,0.01586000,0.01618000,0.01572000,0.01595000,52198859.00000000,1659916799999,832400.28769000,5099,22887772.00000000,365328.18676000
2022-08-08,0.01595000,0.01710000,0.01594000,0.01612000,284225677.00000000,1660003199999,4640303.09001000,18268,140130474.00000000,2291123.88219000
2022-08-09,0.01610000,0.01617000,0.01495000,0.01532000,243505374.00000000,1660089599999,3771918.82872000,14886,114394287.00000000,1773066.91181000
2022-08-10,0.01531000,0.01608000,0.01495000,0.01578000,178317371.00000000,1660175999999,2786943.14408000,10796,79641635.00000000,1248085.95356000
2022-08-11,0.01578000,0.01657000,0.01564000,0.01596000,199644019.00000000,1660262399999,3199523.92634000,15034,98331761.00000000,1575856.32947000
2022-08-12,0.01598000,0.01800000,0.01592000,0.01627000,436121227.00000000,1660348799999,7269354.48050000,30979,218450278.00000000,3646843.72544000
2022-08-13,0.01626000,0.01655000,0.01598000,0.01621000,145606535.00000000,1660435199999,2368283.96559000,9638,76778254.00000000,1249081.51874000
2022-08-14,0.01622000,0.01655000,0.01551000,0.01565000,104944844.00000000,1660521599999,1686429.65675000,8487,47430045.00000000,762413.54175000
2022-08-15,0.01567000,0.01630000,0.01557000,0.01599000,104665762.00000000,1660607999999,1675119.98256000,9073,51875722.00000000,830844.55428000
2022-08-16,0.01599000,0.01618000,0.01562000,0.01598000,59366507.00000000,1660694399999,941370.23182000,5210,30081703.00000000,476979.93729000
2022-08-17,0.01598000,0.01608000,0.01519000,0.01524000,75580801.00000000,1660780799999,1184474.17979000,6387,33852877.00000000,531135.90019000
2022-08-18,0.01523000,0.01548000,0.01463000,0.01470000,41914494.00000000,1660867199999,637881.95473000,3350,18377870.00000000,279660.08929000
2022-08-19,0.01469000,0.01470000,0.01305000,0.01384000,246144912.00000000,1660953599999,3384221.65811000,10298,179614429.00000000,2470725.83720000
2022-08-20,0.01385000,0.01684000,0.01385000,0.01470000,530486658.00000000,1661039999999,7989515.10852000,38921,256585391.00000000,3866928.47543000
2022-08-21,0.01469000,0.01510000,0.01445000,0.01462000,69658536.00000000,1661126399999,1027267.04342000,5800,33412238.00000000,493514.59115000
2022-08-22,0.01462000,0.01520000,0.01375000,0.01427000,160100392.00000000,1661212799999,2301559.66139000,9173,83651413.00000000,1207599.02134000
2022-08-23,0.01427000,0.01462000,0.01383000,0.01447000,48338340.00000000,1661299199999,691170.86120000,4472,24308474.00000000,347671.63863000
2022-08-24,0.01448000,0.01500000,0.01399000,0.01433000,112152988.00000000,1661385599999,1634791.18071000,7921,60536143.00000000,882417.84643000
2022-08-25,0.01431000,0.01497000,0.01430000,0.01447000,49847267.00000000,1661471999999,724907.98534000,4824,24626329.00000000,358689.64037000
2022-08-26,0.01448000,0.01457000,0.01323000,0.01331000,59123721.00000000,1661558399999,824353.07503000,5689,26974608.00000000,375379.72076000
2022-08-27,0.01333000,0.01344000,0.01279000,0.01317000,80289364.00000000,1661644799999,1048858.18302000,4031,48651022.00000000,634396.91815000
2022-08-28,0.01318000,0.01363000,0.01293000,0.01298000,119838977.00000000,1661731199999,1601705.02603000,3520,21605563.00000000,287938.51989000
2022-08-29,0.01297000,0.01465000,0.01293000,0.01371000,200537655.00000000,1661817599999,2760671.13106000,10337,61681384.00000000,852835.96866000
2022-08-30,0.01369000,0.01388000,0.01306000,0.01317000,155846478.00000000,1661903999999,2088475.16289000,4851,43466323.00000000,583338.35126000
2022-08-31,0.01317000,0.01356000,0.01315000,0.01319000,89179476.00000000,1661990399999,1187586.38136000,3241,20701935.00000000,276107.12752000
2022-09-01,0.01317000,0.01380000,0.01289000,0.01333000,194272319.00000000,1662076799999,2590507.04118000,10168,109020205.00000000,1455495.02954000
2022-09-02,0.01332000,0.01409000,0.01310000,0.01330000,213891757.00000000,1662163199999,2907246.71573000,9218,75372187.00000000,1018554.86180000
2022-09-03,0.01330000,0.01330000,0.01268000,0.01307000,170220768.00000000,1662249599999,2194004.36875000,5679,46758173.00000000,607944.70218000
2022-09-04,0.01307000,0.01324000,0.01280000,0.01318000,86813550.00000000,1662335999999,1125235.41990000,2904,17108212.00000000,221803.51990000
2022-09-05,0.01318000,0.01336000,0.01276000,0.01312000,133394836.00000000,1662422399999,1749760.43962000,4843,34054549.00000000,446374.65883000
2022-09-06,0.01312000,0.01339000,0.01183000,0.01213000,214511787.00000000,1662508799999,2779625.80418000,10772,93042411.00000000,1206407.83626000
2022-09-07,0.01212000,0.01256000,0.01182000,0.01254000,140072279.00000000,1662595199999,1718001.93065000,4725,30525303.00000000,373836.21516000
2022-09-08,0.01254000,0.01312000,0.01242000,0.01298000,242119825.00000000,1662681599999,3099252.84327000,9989,77661306.00000000,997171.43419000
2022-09-09,0.01298000,0.01390000,0.01290000,0.01321000,197016883.00000000,1662767999999,2586514.39006000,9765,89856068.00000000,1183464.49910000
2022-09-10,0.01322000,0.01370000,0.01301000,0.01306000,187313869.00000000,1662854399999,2476839.22354000,8311,74337483.00000000,984052.38477000
2022-09-11,0.01306000,0.01347000,0.01300000,0.01319000,88851105.00000000,1662940799999,1171259.17999000,5377,45691631.00000000,602792.13550000
2022-09-12,0.01319000,0.01334000,0.01294000,0.01316000,109249824.00000000,1663027199999,1433129.22974000,4729,34370112.00000000,451676.82607000
2022-09-13,0.01314000,0.01316000,0.01208000,0.01213000,116595067.00000000,1663113599999,1461801.84502000,5805,38550020.00000000,484296.89020000
2022-09-14,0.01215000,0.01266000,0.01192000,0.01219000,110027324.00000000,1663199999999,1343924.42232000,4365,30925915.00000000,379258.53958000
2022-09-15,0.01219000,0.01249000,0.01194000,0.01206000,79609246.00000000,1663286399999,971780.95563000,3700,27703672.00000000,338947.67638000
2022-09-16,0.01205000,0.01243000,0.01176000,0.01230000,73767024.00000000,1663372799999,888974.75802000,2744,19716269.00000000,238065.78732000
2022-09-17,0.01231000,0.01277000,0.01225000,0.01251000,71400131.00000000,1663459199999,894039.06724000,2709,18833614.00000000,235772.13749000
2022-09-18,0.01250000,0.01257000,0.01188000,0.01189000,51812555.00000000,1663545599999,635843.46284000,2929,21091366.00000000,259972.30910000
2022-09-19,0.01189000,0.01201000,0.01146000,0.01188000,217057995.00000000,1663631999999,2546876.87807000,4626,73890033.00000000,869612.95444000
2022-09-20,0.01190000,0.01207000,0.01128000,0.01140000,170901334.00000000,1663718399999,2004715.92626000,4314,34509890.00000000,402231.84312000
2022-09-21,0.01138000,0.01172000,0.01111000,0.01119000,219872078.00000000,1663804799999,2484084.53696000,4224,28270264.00000000,321566.20403000
2022-09-22,0.01118000,0.01149000,0.01114000,0.01136000,190265480.00000000,1663891199999,2156617.78648000,3429,23855982.00000000,270164.35682000
2022-09-23,0.01137000,0.01249000,0.01134000,0.01186000,397909518.00000000,1663977599999,4662467.16034000,9831,78796836.00000000,937654.32265000
2022-09-24,0.01186000,0.01204000,0.01165000,0.01177000,226434401.00000000,1664063999999,2676352.59821000,2423,14265277.00000000,168989.87214000
2022-09-25,0.01178000,0.01203000,0.01175000,0.01176000,190064484.00000000,1664150399999,2245788.09953000,1735,8770498.00000000,104228.10638000
2022-09-26,0.01179000,0.01200000,0.01158000,0.01170000,187122777.00000000,1664236799999,2192639.08441000,1985,9769691.00000000,114777.79363000
2022-09-27,0.01171000,0.01202000,0.01150000,0.01165000,145466940.00000000,1664323199999,1694624.86777000,4891,34531234.00000000,407030.52740000
2022-09-28,0.01165000,0.01415000,0.01133000,0.01252000,815895651.00000000,1664409599999,10677533.20493000,38698,321175014.00000000,4199288.91098000
2022-09-29,0.01251000,0.01254000,0.01180000,0.01208000,192819993.00000000,1664495999999,2333448.71551000,7523,47020802.00000000,570463.53499000
2022-09-30,0.01207000,0.01213000,0.01167000,0.01176000,137083609.00000000,1664582399999,1626173.89994000,3400,18180418.00000000,216157.71640000
2022-10-01,0.01176000,0.01230000,0.01135000,0.01179000,293938816.00000000,1664668799999,3488010.32720000,10234,131740472.00000000,1569847.82500000
2022-10-02,0.01178000,0.01208000,0.01118000,0.01135000,875752725.00000000,1664755199999,10163607.41976000,22560,417772589.00000000,4858325.90827000
2022-10-03,0.01136000,0.01200000,0.01129000,0.01170000,127669948.00000000,1664841599999,1483211.75584000,5544,51884069.00000000,603428.80112000
2022-10-04,0.01169000,0.01194000,0.01166000,0.01175000,166421397.00000000,1664927999999,1954123.79232000,4135,30350945.00000000,357424.90047000
2022-10-05,0.01174000,0.01191000,0.01138000,0.01184000,322285478.00000000,1665014399999,3762016.27709000,5278,41963042.00000000,488734.95423000
2022-10-06,0.01184000,0.01194000,0.01148000,0.01153000,208006333.00000000,1665100799999,2427820.44662000,4417,39518735.00000000,464076.69646000
2022-10-07,0.01153000,0.01165000,0.01052000,0.01103000,381907052.00000000,1665187199999,4296685.01660000,10809,68022663.00000000,766000.12061000
2022-10-08,0.01103000,0.01115000,0.01100000,0.01104000,98173245.00000000,1665273599999,1090076.22954000,3002,26065781.00000000,288845.31899000
2022-10-09,0.01106000,0.01119000,0.01101000,0.01105000,81778908.00000000,1665359999999,905049.28218000,2627,13232029.00000000,146809.84543000
2022-10-10,0.01104000,0.01180000,0.01086000,0.01100000,181944870.00000000,1665446399999,2036539.90637000,9378,64621003.00000000,730626.34888000
2022-10-11,0.01101000,0.01102000,0.01037000,0.01039000,47587456.00000000,1665532799999,507523.86646000,2994,16704723.00000000,177739.02441000
2022-10-12,0.01039000,0.01061000,0.01036000,0.01047000,105625951.00000000,1665619199999,1112208.43031000,1837,16894976.00000000,177440.99349000
2022-10-13,0.01047000,0.01065000,0.01000000,0.01034000,165614843.00000000,1665705599999,1677284.35305000,5413,30272962.00000000,312373.05051000
2022-10-14,0.01035000,0.01776000,0.01033000,0.01404000,2885074978.00000000,1665791999999,42021555.05481000,214585,1403655474.00000000,20450585.95281000
2022-10-15,0.01404000,0.01534000,0.01195000,0.01207000,739920854.00000000,1665878399999,10075623.11459000,52088,347399275.00000000,4748291.16970000
2022-10-16,0.01209000,0.01260000,0.01150000,0.01237000,298599854.00000000,1665964799999,3592515.73581000,18552,123090076.00000000,1488463.45306000
2022-10-17,0.01236000,0.01294000,0.01193000,0.01213000,270183956.00000000,1666051199999,3324053.54295000,17621,109825609.00000000,1358188.96848000
2022-10-18,0.01214000,0.01240000,0.01169000,0.01188000,127248331.00000000,1666137599999,1538180.82058000,6192,38756375.00000000,466560.42352000
2022-10-19,0.01188000,0.01189000,0.01137000,0.01143000,129630840.00000000,1666223999999,1490382.55740000,6103,48148397.00000000,554671.78743000
2022-10-20,0.01143000,0.01171000,0.01126000,0.01135000,82460662.00000000,1666310399999,940600.90063000,3480,17750560.00000000,203161.49919000
2022-10-21,0.01135000,0.01270000,0.01124000,0.01190000,349738391.00000000,1666396799999,4157490.19300000,22262,137569422.00000000,1648758.77382000
2022-10-22,0.01190000,0.01198000,0.01055000,0.01109000,326741106.00000000,1666483199999,3627626.82412000,13876,123266871.00000000,1364589.42462000
2022-10-23,0.01109000,0.01138000,0.01088000,0.01121000,463588551.00000000,1666569599999,5123614.23792000,8864,71738148.00000000,798280.07593000
2022-10-24,0.01121000,0.01167000,0.01110000,0.01159000,281556936.00000000,1666655999999,3172477.34489000,9142,74195749.00000000,844995.33209000
2022-10-25,0.01155000,0.01174000,0.01112000,0.01144000,238760751.00000000,1666742399999,2724926.98680000,9628,125786025.00000000,1437113.94530000
2022-10-26,0.01144000,0.01580000,0.01131000,0.01448000,743370579.00000000,1666828799999,9664244.92672000,47082,323359031.00000000,4209672.61637000
2022-10-27,0.01449000,0.01515000,0.01195000,0.01209000,617539566.00000000,1666915199999,8177909.68985000,40534,270590581.00000000,3590872.68875000
2022-10-28,0.01206000,0.01250000,0.01150000,0.01198000,386779287.00000000,1667001599999,4595431.40143000,18977,185030695.00000000,2199223.30224000
2022-10-29,0.01198000,0.01245000,0.01152000,0.01194000,400726541.00000000,1667087999999,4758953.24324000,17160,233259708.00000000,2761371.80627000
2022-10-30,0.01192000,0.01218000,0.01129000,0.01138000,271293927.00000000,1667174399999,3156938.96741000,10262,122687740.00000000,1428446.75569000
2022-10-31,0.01141000,0.01254000,0.01129000,0.01199000,345783040.00000000,1667260799999,4061689.45384000,15444,157501263.00000000,1848019.48939000
2022-11-01,0.01198000,0.01208000,0.01148000,0.01159000,214057589.00000000,1667347199999,2501196.60566000,9073,112644859.00000000,1314424.47849000
2022-11-02,0.01156000,0.01163000,0.01124000,0.01130000,432611691.00000000,1667433599999,4982428.14203000,7353,79052203.00000000,905294.46834000
2022-11-03,0.01130000,0.01220000,0.01128000,0.01192000,320155029.00000000,1667519999999,3765687.75004000,15023,154912386.00000000,1819606.83402000
2022-11-04,0.01190000,0.01260000,0.01177000,0.01248000,239097306.00000000,1667606399999,2903163.84450000,13303,124669614.00000000,1517486.56175000
2022-11-05,0.01249000,0.01260000,0.01214000,0.01215000,141206927.00000000,1667692799999,1743763.35416000,8132,69076716.00000000,854438.94738000
2022-11-06,0.01215000,0.01240000,0.01180000,0.01185000,209813303.00000000,1667779199999,2537697.88445000,8991,65677673.00000000,795419.81476000
2022-11-07,0.01185000,0.01215000,0.01152000,0.01166000,254290774.00000000,1667865599999,3000681.89204000,6993,47935311.00000000,565317.94666000
2022-11-08,0.01166000,0.01182000,0.00998000,0.01061000,198324460.00000000,1667951999999,2186268.99215000,13536,79060567.00000000,874406.41403000
2022-11-09,0.01059000,0.01061000,0.00892000,0.00907000,290450242.00000000,1668038399999,2899336.70599000,14802,106536925.00000000,1053024.22854000
2022-11-10,0.00908000,0.01094000,0.00906000,0.01057000,212696681.00000000,1668124799999,2192990.08891000,12938,87545615.00000000,901458.00171000
2022-11-11,0.01058000,0.01077000,0.00977000,0.01001000,162694491.00000000,1668211199999,1620672.58980000,5274,27022951.00000000,275661.61880000
2022-11-12,0.01001000,0.01011000,0.00959000,0.00965000,148977102.00000000,1668297599999,1439842.19792000,3780,16715394.00000000,163437.56806000
2022-11-13,0.00965000,0.00980000,0.00911000,0.00931000,96400114.00000000,1668383999999,907582.77641000,6850,40760976.00000000,383980.97838000
2022-11-14,0.00931000,0.00932000,0.00846000,0.00918000,233716702.00000000,1668470399999,2086325.08052000,8770,55865789.00000000,500944.32633000
2022-11-15,0.00918000,0.01069000,0.00915000,0.01010000,311713310.00000000,1668556799999,3098767.53821000,12279,83927060.00000000,833631.51261000
2022-11-16,0.01010000,0.01072000,0.00979000,0.00990000,278241353.00000000,1668643199999,2804087.94292000,12159,69615402.00000000,718835.50297000
2022-11-17,0.00990000,0.01012000,0.00972000,0.00986000,97492200.00000000,1668729599999,960766.69745000,2414,12686055.00000000,125745.69115000
2022-11-18,0.00985000,0.01015000,0.00982000,0.00993000,100739355.00000000,1668815999999,998348.87358000,2383,15650863.00000000,156123.00844000
2022-11-19,0.00993000,0.01006000,0.00962000,0.00981000,211602679.00000000,1668902399999,2060902.61770000,2546,15554780.00000000,152769.45563000
2022-11-20,0.00981000,0.01035000,0.00938000,0.00946000,75280901.00000000,1668988799999,748577.26170000,5233,31967384.00000000,318341.93783000
2022-11-21,0.00948000,0.00949000,0.00892000,0.00911000,223944608.00000000,1669075199999,2029231.49063000,4898,55683402.00000000,509069.84349000
2022-11-22,0.00911000,0.00937000,0.00898000,0.00933000,201912763.00000000,1669161599999,1842049.52510000,4687,38314978.00000000,350171.23705000
2022-11-23,0.00933000,0.00980000,0.00924000,0.00974000,181640958.00000000,1669247999999,1724583.50665000,5665,37737870.00000000,361233.73521000
2022-11-24,0.00973000,0.01009000,0.00956000,0.00961000,188821240.00000000,1669334399999,1843397.06576000,4815,35357817.00000000,344936.12150000
2022-11-25,0.00961000,0.00987000,0.00935000,0.00943000,175087824.00000000,1669420799999,1684769.07615000,5941,56576425.00000000,539756.72151000
2022-11-26,0.00944000,0.00957000,0.00935000,0.00945000,227620370.00000000,1669507199999,2159290.16157000,3543,17882580.00000000,169402.46143000
2022-11-27,0.00945000,0.00972000,0.00924000,0.00927000,284823588.00000000,1669593599999,2697064.82754000,5120,40513324.00000000,382854.60435000
2022-11-28,0.00927000,0.01043000,0.00887000,0.00938000,545332860.00000000,1669679999999,5199087.94506000,24634,206425876.00000000,1983640.86803000
2022-11-29,0.00938000,0.00964000,0.00919000,0.00927000,139637630.00000000,1669766399999,1312065.22841000,8253,66647166.00000000,627407.00385000
2022-11-30,0.00928000,0.00978000,0.00927000,0.00955000,176208139.00000000,1669852799999,1680177.11136000,7283,70394684.00000000,671560.76396000
2022-12-01,0.00956000,0.01057000,0.00930000,0.01005000,420557914.00000000,1669939199999,4195418.26428000,21767,167091965.00000000,1669010.81646000
2022-12-02,0.01005000,0.01027000,0.00978000,0.01000000,248250584.00000000,1670025599999,2478743.00598000,10882,90556232.00000000,906296.81619000
2022-12-03,0.01000000,0.01012000,0.00963000,0.00968000,64138379.00000000,1670111999999,633242.85763000,3401,23482618.00000000,231860.90568000
2022-12-04,0.00966000,0.00988000,0.00966000,0.00967000,164582922.00000000,1670198399999,1594240.70624000,1881,22550376.00000000,219002.49659000
